{
    "0": {
        "precision": 0.8767123287671232,
        "recall": 0.8648648648648649,
        "f1-score": 0.8707482993197279,
        "support": 74.0
    },
    "1": {
        "precision": 0.9212598425196851,
        "recall": 0.9285714285714286,
        "f1-score": 0.924901185770751,
        "support": 126.0
    },
    "accuracy": 0.905,
    "macro avg": {
        "precision": 0.8989860856434042,
        "recall": 0.8967181467181468,
        "f1-score": 0.8978247425452395,
        "support": 200.0
    },
    "weighted avg": {
        "precision": 0.9047772624312372,
        "recall": 0.905,
        "f1-score": 0.9048646177838725,
        "support": 200.0
    }
}